Aircraft Type,Max Range,Cruise Speed,Fuel Consumption at Cruise,ICAO
Aircraft 1,3524.704974,440.4071546,1084.211636,MULT
Aircraft 2,7463.252518,474.4751303,494.2139267,KARA
Aircraft 3,7810.298939,463.7937565,402.7586766,PESH
Aircraft 4,1442.066536,188,788.0084256,SIAL
Aircraft 5,6261.240012,411.2863109,993.2376737,SUKK
Aircraft 6,4335.214703,409.6853275,117.5764223,GUJR
Aircraft 7,6177.936695,476.2925403,1318.382159,RAWA
Aircraft 8,5428.937061,188,888,QUET
Aircraft 9,5405.201857,328.2310639,182.4005513,QUET
Aircraft 10,7248.204595,188,1378.861726,GWAD
Aircraft 11,4878.737832,318.0700345,818.5935054,SUKK
Aircraft 12,1290.109884,560.6795852,1479.534878,PESH
Aircraft 13,2605.194667,405.4274009,701.1584282,SUKK
Aircraft 14,7266.646114,310.3105228,856.6091915,ISLA
Aircraft 15,7939.823687,487.7743686,750.1634508,KARA
Aircraft 16,581.3186099,188,1381.12324,SUKK
Aircraft 17,2035.108232,188,1296.392634,PESH
Aircraft 18,1619.92469,188,788.1425811,SUKK
Aircraft 19,541.3302446,455.6276934,1354.096992,KARA
Aircraft 20,1693.696748,497.8340223,420.8114899,FAIS
Aircraft 21,6174.681966,188,913.9932736,RAWA
Aircraft 22,644.5993053,550.1690462,888,RAWA
Aircraft 23,4757.030856,372.9741186,1302.900677,GUJR
Aircraft 24,741.8156648,188,198.8976172,LAHO
Aircraft 25,2949.045236,434.3803228,888,GWAD
Aircraft 26,2869.823144,188,186.2763918,LAHO
Aircraft 27,5438.434983,188,478.7074414,MULT
Aircraft 28,2247.979138,188,921.7842672,KARA
Aircraft 29,4863.707848,516.7592549,547.5898628,PESH
Aircraft 30,5105.520308,412.7909032,672.7464947,KARA
Aircraft 31,1951.412968,574.0022486,982.1406638,QUET
Aircraft 32,1000.521832,378.8274796,595.0342542,GWAD
Aircraft 33,6773.967499,349.0137848,935.8015721,GUJR
Aircraft 34,1418.239288,598.8566783,1149.683769,GWAD
Aircraft 35,5086.939259,188,698.729096,ISLA
Aircraft 36,5147.585128,561.6764471,1331.592238,GUJR
Aircraft 37,4577.467205,188,340.2947751,MULT
Aircraft 38,2384.634818,513.3780022,1233.296234,FAIS
Aircraft 39,3256.20709,539.7893515,1105.36981,QUET
Aircraft 40,6737.116318,371.7626189,444.2338601,GWAD
Aircraft 41,1450.435418,341.8813949,1093.502346,PESH
Aircraft 42,4921.290694,455.5595916,1375.638275,QUET
Aircraft 43,2978.006276,491.4086931,1206.710785,FAIS
Aircraft 44,6267.172643,188,466.808412,GUJR
Aircraft 45,3145.975923,493.8910364,888,GWAD
Aircraft 46,3154.750562,527.9538557,1123.563427,SIAL
Aircraft 47,4468.848873,395.4936005,1364.342275,MULT
Aircraft 48,6359.988381,334.4786205,665.3714147,MULT
Aircraft 49,2928.636547,515.8185162,836.875487,SUKK
Aircraft 50,2638.815677,336.9473316,462.8182988,KARA
Aircraft 51,4894.726784,526.5913453,1254.547337,SUKK
Aircraft 52,2613.817124,572.0827596,1071.839136,QUET
Aircraft 53,7295.238991,441.467983,218.2708349,GWAD
Aircraft 54,7269.321308,597.2894179,1192.018136,KARA
Aircraft 55,4259.113015,399.4925384,888,GWAD
Aircraft 56,3235.335386,188,250.0241668,QUET
Aircraft 57,6362.604961,439.8591956,1466.661307,MULT
Aircraft 58,6847.163492,506.2878514,298.9423377,LAHO
Aircraft 59,6134.883561,533.6189115,1056.345244,GUJR
Aircraft 60,2622.308217,188,1060.979607,SIAL
Aircraft 61,3113.270597,531.9863766,380.8560443,FAIS
Aircraft 62,6775.522224,188,374.8143049,ISLA
Aircraft 63,5247.242086,528.0855004,244.2899683,LAHO
Aircraft 64,4076.673275,188,1162.044139,QUET
Aircraft 65,5673.110448,412.4704005,762.7038925,RAWA
Aircraft 66,3200.10387,598.9196894,808.9942045,QUET
Aircraft 67,7232.90764,188,1113.030719,LAHO
Aircraft 68,919.0051283,306.1570817,837.699614,GUJR
Aircraft 69,4755.349709,583.1932849,297.2933809,ISLA
Aircraft 70,2231.40472,586.0292846,619.1744709,KARA
Aircraft 71,4610.025434,560.9696762,1429.561234,PESH
Aircraft 72,1266.562774,330.7282634,646.0029049,GUJR
Aircraft 73,791.7211636,358.5427695,887.9717113,SIAL
Aircraft 74,1283.717757,474.1407443,538.2557071,FAIS
Aircraft 75,4497.976028,359.6762101,1073.852347,LAHO
Aircraft 76,2054.898331,380.9539818,699.4419444,QUET
Aircraft 77,553.3411531,364.1259429,1373.97906,PESH
Aircraft 78,6827.523586,480.7294807,1094.808216,SIAL
Aircraft 79,6377.756963,364.6359536,888,QUET
Aircraft 80,5133.83488,188,1388.316279,GUJR
Aircraft 81,5124.125007,598.499931,570.9721415,MULT
Aircraft 82,3373.517109,188,972.9700125,KARA
Aircraft 83,1726.437331,314.5512766,1404.437182,GUJR
Aircraft 84,5484.58948,188,385.4772684,SIAL
Aircraft 85,4566.785101,348.0213633,1267.903605,FAIS
Aircraft 86,3044.424559,320.0926369,1094.875103,LAHO
Aircraft 87,3087.09062,438.6876176,972.4327639,FAIS
Aircraft 88,2695.777256,460.6729855,176.2027792,PESH
Aircraft 89,4001.97254,485.3061339,1128.950301,LAHO
Aircraft 90,6299.164361,188,734.4844005,MULT
Aircraft 91,6816.327078,579.3327912,1375.973504,GUJR
Aircraft 92,6223.841866,490.8164007,366.6198921,GWAD
Aircraft 93,6208.56439,188,888,LAHO
Aircraft 94,2962.168815,325.4088617,227.2848566,FAIS
Aircraft 95,3732.858445,188,1312.42853,ISLA
Aircraft 96,6327.007197,188,259.3695229,GUJR
Aircraft 97,2994.001096,337.1504536,660.4839166,FAIS
Aircraft 98,7272.602163,385.0975579,888,LAHO
Aircraft 99,1357.822248,188,1420.565489,GUJR
Aircraft 100,5251.289376,386.2274913,164.7738963,LAHO
Aircraft 101,5667.835748,552.7963899,586.7606708,QUET
Aircraft 102,5004.192827,493.861206,746.9598712,PESH
Aircraft 103,6385.878464,494.4712957,1278.690014,SIAL
Aircraft 104,1467.998315,446.1900215,888,SIAL
Aircraft 105,931.8403349,438.0792673,170.6878888,RAWA
Aircraft 106,7253.681417,396.3328739,857.804733,PESH
Aircraft 107,7734.964782,345.7080974,394.6818399,SUKK
Aircraft 108,2873.545312,188,1418.310667,SIAL
Aircraft 109,1339.199819,188,730.2580349,LAHO
Aircraft 110,861.247084,492.1817958,1483.19591,RAWA
Aircraft 111,752.2050364,363.5828992,1198.156658,FAIS
Aircraft 112,6282.633208,188,888,KARA
Aircraft 113,4753.244177,303.024464,813.3490764,RAWA
Aircraft 114,4182.388909,318.3663651,283.3803795,MULT
Aircraft 115,7251.419714,188,887.5640968,LAHO
Aircraft 116,3935.215937,497.4446884,575.2435471,GUJR
Aircraft 117,6262.379232,323.7405324,213.4535504,GUJR
Aircraft 118,7845.622427,504.6773191,476.5732855,SIAL
Aircraft 119,3285.84198,597.5443039,1208.202691,GWAD
Aircraft 120,7345.753534,188,907.4200795,ISLA
Aircraft 121,1577.633391,351.153239,159.7441833,LAHO
Aircraft 122,1112.055065,419.5961148,751.4310247,MULT
Aircraft 123,4193.184492,412.1137529,940.728095,MULT
Aircraft 124,5888.183405,381.1666629,904.2015522,GWAD
Aircraft 125,7658.836938,459.4242443,888,GUJR
Aircraft 126,2484.257968,409.592161,215.9853731,KARA
Aircraft 127,5947.42857,576.2520266,281.8596034,ISLA
Aircraft 128,5663.608549,395.3126574,351.1541272,SIAL
Aircraft 129,5088.790509,474.6120983,297.7088825,RAWA
Aircraft 130,5450.520345,485.0367828,888,RAWA
Aircraft 131,3872.174323,382.3597101,584.3205242,QUET
Aircraft 132,4218.194778,188,460.2839829,RAWA
Aircraft 133,5082.920661,188,1253.687435,GUJR
Aircraft 134,2524.909182,188,372.0675181,KARA
Aircraft 135,5856.266326,188,657.598136,GUJR
Aircraft 136,7427.529468,188,1009.370282,FAIS
Aircraft 137,531.9399767,483.3072708,1369.602651,PESH
Aircraft 138,4405.465629,413.6281068,1254.370144,ISLA
Aircraft 139,7832.393746,491.9979529,479.6763545,GWAD
Aircraft 140,4363.076508,477.4749212,1337.236538,GUJR
Aircraft 141,1861.452902,580.6332462,1406.196637,GWAD
Aircraft 142,4739.222003,300.9999648,516.2157426,RAWA
Aircraft 143,4400.838244,347.2749749,1109.62997,ISLA
Aircraft 144,5185.982764,467.8264418,861.9677016,SUKK
Aircraft 145,2291.803323,188,587.5891326,PESH
Aircraft 146,4537.328915,558.1108709,1027.683651,RAWA
Aircraft 147,2926.024771,427.8293101,939.1895339,QUET
Aircraft 148,2281.510115,188,1128.823098,FAIS
Aircraft 149,7481.834432,188,888,SIAL
Aircraft 150,566.0456878,458.3400669,106.0934035,LAHO
Aircraft 151,7251.917489,309.235465,127.6170198,LAHO
Aircraft 152,5018.369551,492.9824474,1429.418708,RAWA
Aircraft 153,4731.521423,431.0841712,1351.228306,FAIS
Aircraft 154,2785.18277,433.9081844,520.2714818,KARA
Aircraft 155,3366.71328,188,1375.559297,RAWA
Aircraft 156,729.3893329,482.727688,694.1545279,MULT
Aircraft 157,7989.610755,502.7562357,1146.220908,KARA
Aircraft 158,7985.322943,188,868.1974083,PESH
Aircraft 159,3254.944214,493.1294316,888,MULT
Aircraft 160,4137.845952,350.2834582,751.2347592,MULT
Aircraft 161,6748.013567,524.2607086,919.2200846,LAHO
Aircraft 162,3276.326972,483.3783753,1132.584413,GWAD
Aircraft 163,4533.514069,357.739392,888,GWAD
Aircraft 164,5402.129131,301.1529004,463.2113801,KARA
Aircraft 165,1122.719973,551.7604265,1086.203304,MULT
Aircraft 166,4416.032067,392.7485997,168.1380115,QUET
Aircraft 167,7384.447792,188,325.8811214,KARA
Aircraft 168,7134.581466,337.4370578,946.5887777,PESH
Aircraft 169,5380.997356,332.4955593,1480.712428,GWAD
Aircraft 170,5561.373361,317.4685336,743.6643198,QUET
Aircraft 171,6160.830886,418.5731714,1442.255832,SIAL
Aircraft 172,3202.410763,552.6034038,1028.884169,GUJR
Aircraft 173,1922.886122,522.120045,799.3295808,MULT
Aircraft 174,7276.90191,188,888,GUJR
Aircraft 175,3664.712689,507.787811,248.5105637,RAWA
Aircraft 176,1518.356283,324.6060305,1336.471761,QUET
Aircraft 177,7960.597115,523.8643108,888,KARA
Aircraft 178,635.0947299,563.0766163,871.1976124,RAWA
Aircraft 179,6521.161185,337.2404515,457.9875886,KARA
Aircraft 180,4323.204967,556.2728743,1208.700269,FAIS
Aircraft 181,2577.881009,342.1304344,1091.512114,GUJR
Aircraft 182,4009.067327,365.6344195,126.0756625,LAHO
Aircraft 183,2962.217646,433.4292631,1089.79824,RAWA
Aircraft 184,5875.202114,310.7372839,768.7796264,KARA
Aircraft 185,1167.222018,533.846518,731.8992314,LAHO
Aircraft 186,6006.645994,188,554.3239631,RAWA
Aircraft 187,6008.909958,347.0497863,888,FAIS
Aircraft 188,6438.569878,571.5769814,888,GWAD
Aircraft 189,7637.834921,412.9968714,1473.612891,PESH
Aircraft 190,2259.007245,433.8990561,1421.420325,KARA
Aircraft 191,7904.567973,476.911141,224.7303259,GUJR
Aircraft 192,1154.995338,581.560565,272.8594014,KARA
Aircraft 193,4866.160742,523.0336572,756.5733258,LAHO
Aircraft 194,6354.106329,188,272.1275348,GUJR
Aircraft 195,5015.977366,188,1324.351937,ISLA
Aircraft 196,922.7104126,532.407335,519.8913784,SUKK
Aircraft 197,1758.230207,376.2186301,888,MULT
Aircraft 198,5755.062831,188,1224.584098,SIAL
Aircraft 199,6180.371349,385.3911903,1004.578205,PESH
Aircraft 200,5969.005459,473.6638627,1079.722451,SIAL
Aircraft 201,4785.464372,496.9163811,1465.043062,RAWA
Aircraft 202,2977.28697,523.2289673,513.2271404,GUJR
Aircraft 203,4305.820107,188,927.1338614,MULT
Aircraft 204,3319.49565,408.9517175,1290.733506,FAIS
Aircraft 205,5211.871159,588.9887456,1012.893262,QUET
Aircraft 206,4503.947988,563.2997809,145.6270117,KARA
Aircraft 207,7172.727684,496.7699401,374.0278317,RAWA
Aircraft 208,6446.609879,311.1173335,1165.677876,MULT
Aircraft 209,6013.056221,188,1271.283669,FAIS
Aircraft 210,4977.315001,397.8830246,1135.198034,MULT
Aircraft 211,5286.457209,347.271215,1109.541865,GUJR
Aircraft 212,1054.138057,491.4486596,1420.081755,LAHO
Aircraft 213,3081.524377,471.632078,535.9843887,SIAL
Aircraft 214,4435.256907,508.3764256,1163.57838,LAHO
Aircraft 215,2730.100951,188,946.4699925,PESH
Aircraft 216,6260.407328,349.6797112,386.4297204,GWAD
Aircraft 217,2841.105801,560.6096478,737.597525,SIAL
Aircraft 218,5982.373586,578.5385779,332.9783381,SIAL
Aircraft 219,2569.438134,188,654.8361954,QUET
Aircraft 220,6869.488363,533.531611,935.5009171,SUKK
Aircraft 221,2522.110036,188,297.1638223,GUJR
Aircraft 222,6059.698545,480.4301339,1331.169422,SIAL
Aircraft 223,4321.250893,326.8093669,847.4140065,ISLA
Aircraft 224,4213.536299,392.0892039,747.6681215,PESH
Aircraft 225,7659.68325,585.0705123,1129.73005,QUET
Aircraft 226,7748.375551,303.1939405,645.8425957,QUET
Aircraft 227,4186.122488,406.5233246,400.0986637,FAIS
Aircraft 228,1970.150746,188,888.4073642,MULT
Aircraft 229,5409.09279,599.324819,1479.545352,MULT
Aircraft 230,6166.363211,344.3975109,888,SUKK
Aircraft 231,5234.953765,451.5415445,888,PESH
Aircraft 232,3472.821561,498.871091,805.1033521,QUET
Aircraft 233,7608.500794,581.0694165,1248.410653,GWAD
Aircraft 234,4571.441845,369.5458142,1471.910455,ISLA
Aircraft 235,2709.603646,188,765.6798749,SUKK
Aircraft 236,7268.262868,461.9472591,888,SUKK
Aircraft 237,5782.094167,188,132.0193192,GUJR
Aircraft 238,7964.077248,337.8944351,296.6509177,SIAL
Aircraft 239,7256.870124,401.8876025,1122.861207,QUET
Aircraft 240,2282.965564,595.0173199,419.7181017,GWAD
Aircraft 241,6562.721904,188,153.163644,LAHO
Aircraft 242,4957.974652,459.0100162,1001.451825,RAWA
Aircraft 243,7455.371776,534.4196797,888,SIAL
Aircraft 244,6657.51781,188,853.5538804,RAWA
Aircraft 245,1063.260237,309.5390042,104.2818717,ISLA
Aircraft 246,1618.549831,413.8877515,423.3124186,MULT
Aircraft 247,2264.523506,561.0193541,991.9216685,KARA
Aircraft 248,1187.01735,574.9864745,891.8137714,GWAD
Aircraft 249,1102.685159,549.9805457,362.117429,QUET
Aircraft 250,5600.721421,464.9804911,436.0165436,PESH
Aircraft 251,1615.321518,308.6633514,583.2041105,KARA
Aircraft 252,2554.32797,188,1181.202348,QUET
Aircraft 253,6751.162464,344.8915029,1191.637266,QUET
Aircraft 254,4098.009162,390.2717987,492.4643953,PESH
Aircraft 255,7175.836737,544.5421929,369.079504,SIAL
Aircraft 256,6294.505813,563.8489644,1468.411765,FAIS
Aircraft 257,7626.166935,188,1463.176637,RAWA
Aircraft 258,6099.051446,188,375.0342886,ISLA
Aircraft 259,7539.536989,505.9461258,1037.961542,GUJR
Aircraft 260,3502.431326,509.1514904,129.8942006,QUET
Aircraft 261,6289.111192,537.459923,408.8415736,QUET
Aircraft 262,7581.057924,319.511981,459.1401639,ISLA
Aircraft 263,5233.5332,463.0376395,754.125588,PESH
Aircraft 264,6293.446564,456.2258478,637.9339026,ISLA
Aircraft 265,4601.048265,188,299.3687849,SUKK
Aircraft 266,2159.17942,394.0490159,888,PESH
Aircraft 267,6330.53866,596.0168935,1355.749899,GUJR
Aircraft 268,7076.453796,329.197504,701.8511466,GUJR
Aircraft 269,4202.250457,543.3728989,507.7446382,GUJR
Aircraft 270,3307.513795,459.5557448,510.411479,FAIS
Aircraft 271,4362.625314,398.6329587,1319.23688,RAWA
Aircraft 272,4166.581467,511.8286066,287.8758509,SUKK
Aircraft 273,1907.84779,188,572.1085318,QUET
Aircraft 274,7023.786222,444.4285255,436.0516951,QUET
Aircraft 275,6009.808766,188,446.4454387,QUET
Aircraft 276,6510.438569,377.9177296,581.6110125,GUJR
Aircraft 277,1139.029612,493.2612423,995.9709005,FAIS
Aircraft 278,5086.912123,495.1366138,1018.893539,KARA
Aircraft 279,3224.12508,490.7898699,1013.457575,RAWA
Aircraft 280,1191.752015,435.2174817,888,RAWA
Aircraft 281,5406.189641,350.9762605,401.1325666,FAIS
Aircraft 282,6532.164846,188,1221.044532,GWAD
Aircraft 283,6638.452527,368.63904,888,LAHO
Aircraft 284,6935.274944,422.9216873,1374.199945,ISLA
Aircraft 285,2497.589124,188,110.3972938,QUET
Aircraft 286,1656.628553,434.4625488,727.4292596,MULT
Aircraft 287,5670.059216,520.8142267,1057.875844,ISLA
Aircraft 288,2857.080218,551.1240985,672.1582348,LAHO
Aircraft 289,1038.981659,437.7662608,888,SUKK
Aircraft 290,3003.136295,188,102.1173568,SIAL
Aircraft 291,2920.363257,580.0927365,1475.077049,RAWA
Aircraft 292,6275.381925,443.8224258,1043.341273,QUET
Aircraft 293,3164.932127,501.0394158,847.2259806,GUJR
Aircraft 294,7184.879593,524.7199531,1172.935455,KARA
Aircraft 295,4065.265242,557.2954348,827.7931939,SUKK
Aircraft 296,5070.299274,553.67862,888,SUKK
Aircraft 297,3281.564511,517.3621606,968.5968963,GWAD
Aircraft 298,5324.436971,411.7263953,888,SUKK
Aircraft 299,2219.030384,430.4642302,598.6045708,MULT
Aircraft 300,7524.219932,307.8067892,1007.301779,PESH
Aircraft 301,763.3307988,466.1188803,888,KARA
Aircraft 302,7983.059518,494.1842574,1126.047548,GWAD
Aircraft 303,6399.779674,338.8684316,978.366049,FAIS
Aircraft 304,3558.867531,444.0533197,793.1030514,FAIS
Aircraft 305,2498.584151,513.7607589,462.664172,KARA
Aircraft 306,1538.913082,593.9590245,888,LAHO
Aircraft 307,1827.828346,380.2124931,1373.367198,GUJR
Aircraft 308,5275.414302,401.6091841,157.8311281,GUJR
Aircraft 309,2084.660648,483.5852935,336.8200439,GUJR
Aircraft 310,1939.8698,188,1216.29727,KARA
Aircraft 311,5071.970522,356.4425888,815.3546355,RAWA
Aircraft 312,4319.178145,441.9310265,924.9510873,RAWA
Aircraft 313,2060.553149,357.1239277,1083.408209,ISLA
Aircraft 314,4249.506032,541.9957206,1264.090752,RAWA
Aircraft 315,1296.379176,463.9108788,1229.749318,LAHO
Aircraft 316,3801.085435,188,507.4646685,GWAD
Aircraft 317,5446.63013,334.2488163,888,PESH
Aircraft 318,6816.87038,360.9917321,220.9944196,RAWA
Aircraft 319,751.0006207,477.0849705,1351.028069,LAHO
Aircraft 320,1819.555007,321.0801437,266.1488746,LAHO
Aircraft 321,836.9993901,188,1113.655145,SUKK
Aircraft 322,1240.563463,584.8248287,1487.877611,PESH
Aircraft 323,7604.048845,338.9171528,618.2616752,MULT
Aircraft 324,7999.633979,188,1330.406747,PESH
Aircraft 325,6896.390226,368.8819133,995.4199584,KARA
Aircraft 326,5465.394087,382.5407848,309.6213025,FAIS
Aircraft 327,2311.470692,188,939.1804602,SIAL
Aircraft 328,2766.883467,373.1222875,258.7887095,PESH
Aircraft 329,889.4840161,188,357.0202,MULT
Aircraft 330,1910.928797,574.705477,544.0252882,QUET
Aircraft 331,4994.208291,188,1116.2554,GWAD
Aircraft 332,7330.248839,563.3742344,575.3403493,SUKK
Aircraft 333,7269.038737,188,1072.612209,RAWA
Aircraft 334,2854.640665,188,1144.415553,KARA
Aircraft 335,6997.835414,367.5225873,167.9376146,SIAL
Aircraft 336,5680.954096,377.3642635,888,SIAL
Aircraft 337,2619.030787,458.0900716,1057.712314,GUJR
Aircraft 338,4719.460925,188,614.8034092,LAHO
Aircraft 339,6709.734391,188,132.573579,MULT
Aircraft 340,655.7629125,579.158476,1395.586873,LAHO
Aircraft 341,5587.441554,321.2979231,713.7026216,QUET
Aircraft 342,6721.340053,346.5270113,900.3912297,QUET
Aircraft 343,2547.067342,188,1360.60857,MULT
Aircraft 344,4379.380871,480.7573548,103.3627997,ISLA
Aircraft 345,1636.822493,566.0145456,1194.944501,GWAD
Aircraft 346,7207.307454,519.1597034,695.8533051,ISLA
Aircraft 347,4805.526218,363.661272,889.9225853,KARA
Aircraft 348,3810.269561,588.4823878,1308.445269,FAIS
Aircraft 349,635.6392658,430.4994207,215.1736682,RAWA
Aircraft 350,3685.796928,389.170226,200.1498601,GUJR
Aircraft 351,5190.735815,522.1186774,923.5974066,GWAD
Aircraft 352,5585.292355,493.8667978,802.1970024,KARA
Aircraft 353,3871.582894,379.1536178,631.1944093,KARA
Aircraft 354,3978.453881,352.3185602,888,KARA
Aircraft 355,1069.50083,480.220206,421.3837085,KARA
Aircraft 356,7933.935379,343.768244,1329.29817,FAIS
Aircraft 357,2339.669135,554.7620929,788.1454935,PESH
Aircraft 358,7983.211492,188,914.915737,SIAL
Aircraft 359,7063.12397,400.1229298,1027.713022,SIAL
Aircraft 360,6640.678545,583.7664753,491.3721395,SUKK
Aircraft 361,1886.74787,188,1461.99744,PESH
Aircraft 362,4473.545487,188,203.1017915,RAWA
Aircraft 363,3967.742011,548.9482093,1134.440221,SIAL
Aircraft 364,7357.75452,379.0681575,1000.969028,RAWA
Aircraft 365,4541.548358,489.5298571,987.382513,ISLA
Aircraft 366,4828.14145,445.8502012,571.0939398,SUKK
Aircraft 367,1974.749168,520.8320539,825.4837482,SUKK
Aircraft 368,3031.034761,599.0946501,888,GUJR
Aircraft 369,7701.598947,498.6104035,1175.542274,KARA
Aircraft 370,7951.71338,376.5504924,260.1740875,KARA
Aircraft 371,7958.914115,386.7813839,482.7456858,QUET
Aircraft 372,4633.666085,188,764.5195387,FAIS
Aircraft 373,5426.963264,544.1351516,511.9041375,GWAD
Aircraft 374,5989.633037,188,420.0824196,FAIS
Aircraft 375,5164.998786,368.7860411,294.2106918,KARA
Aircraft 376,2356.395518,313.9832814,1434.401369,PESH
Aircraft 377,3078.385365,599.6693581,829.2552566,RAWA
Aircraft 378,1188.298991,452.2728598,784.1044421,GUJR
Aircraft 379,6249.514281,414.7027033,1143.692636,KARA
Aircraft 380,2145.233463,502.7937046,1064.623366,RAWA
Aircraft 381,3459.880138,568.9797886,1472.026231,GUJR
Aircraft 382,2505.03852,452.8541473,888,FAIS
Aircraft 383,3205.533443,416.0807331,837.4626847,MULT
Aircraft 384,3669.018443,535.3238714,134.9016138,GWAD
Aircraft 385,4187.669744,579.4657682,870.3170777,GUJR
Aircraft 386,4781.064371,318.0171699,241.5573668,KARA
Aircraft 387,2302.334939,455.853811,366.9764574,QUET
Aircraft 388,2592.844413,338.1963692,912.7808092,KARA
Aircraft 389,7091.502956,377.6487488,1346.45415,RAWA
Aircraft 390,6285.942767,418.1874128,1080.965333,GWAD
Aircraft 391,2561.84544,443.3409777,100.7469114,FAIS
Aircraft 392,7693.1413,451.9521351,1456.002792,PESH
Aircraft 393,2615.693016,188,958.8100244,KARA
Aircraft 394,6530.110221,523.5417089,135.2459083,QUET
Aircraft 395,6692.875448,341.3848819,187.0012178,ISLA
Aircraft 396,5381.04585,441.2434699,1001.755123,KARA
Aircraft 397,5624.245121,302.2140693,753.6474237,MULT
Aircraft 398,2796.116608,363.8766717,1189.346814,SIAL
Aircraft 399,1731.198785,527.054105,1162.468722,MULT
Aircraft 400,7967.950478,599.7727786,876.6979599,ISLA
Aircraft 401,6383.227777,518.7159989,240.0724878,PESH
Aircraft 402,5157.740217,316.7992791,694.6581921,SUKK
Aircraft 403,5456.041685,444.3835506,1088.165168,LAHO
Aircraft 404,5905.97803,393.131383,619.2205422,PESH
Aircraft 405,3441.346896,428.654678,195.9418532,PESH
Aircraft 406,2243.779436,188,1030.940122,MULT
Aircraft 407,1692.732738,440.1377934,408.4078416,SUKK
Aircraft 408,807.7863849,188,309.6626377,SUKK
Aircraft 409,4179.247227,575.4066974,590.3087382,GWAD
Aircraft 410,6308.188117,311.1042947,623.6588094,ISLA
Aircraft 411,5570.225984,428.4744836,186.7431321,GUJR
Aircraft 412,7977.65809,188,1128.461766,ISLA
Aircraft 413,7072.843801,188,194.4995403,GWAD
Aircraft 414,5292.256714,323.2187109,1326.248077,RAWA
Aircraft 415,1823.591193,452.3139721,1127.38527,QUET
Aircraft 416,7958.252214,590.7507711,1234.16004,LAHO
Aircraft 417,4978.077306,562.0363538,933.4324645,GUJR
Aircraft 418,6749.656968,405.2899167,1234.807512,KARA
Aircraft 419,2433.985244,383.6610348,1136.360544,PESH
Aircraft 420,1456.663948,405.4040224,1366.132024,KARA
Aircraft 421,6029.853444,371.6861844,223.894439,ISLA
Aircraft 422,2612.761508,345.1332454,228.8579628,KARA
Aircraft 423,7128.309773,391.8168742,382.9517685,RAWA
Aircraft 424,1561.174794,533.2709152,1028.635581,LAHO
Aircraft 425,3154.786484,491.778253,1183.155937,MULT
Aircraft 426,3477.589684,384.1907642,1290.085146,SIAL
Aircraft 427,3965.156279,188,628.0028708,LAHO
Aircraft 428,7556.65395,466.5765283,801.2176951,QUET
Aircraft 429,5136.884361,188,379.2525843,LAHO
Aircraft 430,7548.847981,443.3998263,1296.839859,SUKK
Aircraft 431,2833.679064,408.87888,1458.081162,SIAL
Aircraft 432,6680.912732,188,879.5539364,LAHO
Aircraft 433,4266.181433,408.6065204,729.4834245,GUJR
Aircraft 434,6364.530092,486.1923525,1118.221793,FAIS
Aircraft 435,1656.648091,188,1102.720008,QUET
Aircraft 436,1476.651524,426.6341818,1202.715243,QUET
Aircraft 437,1200.46504,448.4223208,867.9468248,GUJR
Aircraft 438,7990.140824,188,253.7384744,FAIS
Aircraft 439,4037.772098,423.3398535,205.7125774,SUKK
Aircraft 440,6310.57933,342.0657494,473.6636989,SIAL
Aircraft 441,1870.634157,188,1303.505325,GUJR
Aircraft 442,3760.133474,425.8682176,583.1566675,SUKK
Aircraft 443,4260.072257,581.34464,769.5926365,KARA
Aircraft 444,2936.73693,357.6505951,677.8428216,PESH
Aircraft 445,861.2405571,383.7724119,532.3035769,GWAD
Aircraft 446,708.3763375,571.9773202,139.1632742,GUJR
Aircraft 447,3735.941884,442.6358057,1240.056813,LAHO
Aircraft 448,3844.810808,592.0037227,1048.378487,SUKK
Aircraft 449,4964.539091,475.2280641,1016.333834,QUET
Aircraft 450,6964.988998,188,160.6180743,GUJR
Aircraft 451,968.3709942,188,1353.874718,SIAL
Aircraft 452,5889.857534,188,1394.576085,SUKK
Aircraft 453,7288.897762,188,934.9532559,SIAL
Aircraft 454,7117.173383,363.4577873,270.2720783,MULT
Aircraft 455,2610.409243,188,924.2201532,MULT
Aircraft 456,1672.243293,476.3241831,242.6022102,SUKK
Aircraft 457,2824.205373,384.4220423,1471.523513,QUET
Aircraft 458,1740.04445,367.036712,1216.929826,GWAD
Aircraft 459,4472.35245,510.2236206,1038.540753,QUET
Aircraft 460,7912.454556,558.0889396,1305.04102,SIAL
Aircraft 461,2230.672997,448.3924705,679.584872,MULT
Aircraft 462,7574.364474,500.024054,1407.851984,ISLA
Aircraft 463,5079.371157,512.7160819,780.3874484,LAHO
Aircraft 464,7671.361859,565.5973038,888,SIAL
Aircraft 465,816.9043274,188,1407.506813,SIAL
Aircraft 466,5541.927789,399.9511327,694.5527242,FAIS
Aircraft 467,1724.753863,319.0945729,1002.389147,GWAD
Aircraft 468,7405.061136,328.4659669,954.2838188,ISLA
Aircraft 469,6183.444448,188,575.6709186,FAIS
Aircraft 470,6826.341552,532.6688254,1429.912248,ISLA
Aircraft 471,2199.995788,559.0047104,661.9034399,FAIS
Aircraft 472,5031.376236,509.1338713,1207.153513,GWAD
Aircraft 473,1831.127492,568.0364095,862.5317036,QUET
Aircraft 474,4503.459296,354.0233787,481.3406593,MULT
Aircraft 475,4317.236529,302.0792926,271.7419952,GUJR
Aircraft 476,4128.735277,362.7140667,173.6388718,SIAL
Aircraft 477,3749.158218,494.4029251,426.4636714,QUET
Aircraft 478,5815.114902,388.059835,659.7935505,QUET
Aircraft 479,1674.876149,404.7228466,868.9658092,ISLA
Aircraft 480,2537.789823,597.7556076,412.4653775,QUET
Aircraft 481,6184.47712,523.6481533,888,FAIS
Aircraft 482,2675.256601,303.7684011,808.5805977,KARA
Aircraft 483,3579.17253,593.6056633,888,GWAD
Aircraft 484,2775.882824,333.9502838,686.5578262,KARA
Aircraft 485,3328.017228,188,680.7436779,FAIS
Aircraft 486,6244.800526,341.9079005,1365.589017,SUKK
Aircraft 487,5283.019411,387.2600498,1270.461397,FAIS
Aircraft 488,6389.775985,582.7345309,950.7434259,MULT
Aircraft 489,1089.320687,381.8675428,625.7272335,FAIS
Aircraft 490,2849.99955,419.9917148,888,RAWA
Aircraft 491,822.0839446,595.6449679,286.161257,GWAD
Aircraft 492,2849.325172,371.6822879,1014.308585,SIAL
Aircraft 493,7664.158512,188,1090.690624,SUKK
Aircraft 494,4359.788405,386.1125953,1323.964599,GWAD
Aircraft 495,1680.884759,437.1620834,1120.980316,SUKK
Aircraft 496,5181.394108,188,339.4787423,QUET
Aircraft 497,4037.363228,424.3638705,1498.303445,FAIS
Aircraft 498,6353.455989,588.6669799,766.2862734,GWAD
Aircraft 499,5011.829016,188,421.9884397,SIAL
Aircraft 500,659.5386897,344.0156863,209.5883483,SUKK
Aircraft 501,503.0439007,504.4120931,1440.62434,SUKK
Aircraft 502,3418.369424,357.2849691,184.8972056,MULT
Aircraft 503,6029.702129,405.0488274,1444.825351,ISLA
Aircraft 504,2895.495239,379.9130244,1267.279274,LAHO
Aircraft 505,7223.015744,315.1612183,1325.343783,ISLA
Aircraft 506,7673.543345,428.829215,1182.846166,FAIS
Aircraft 507,5348.283152,441.0640296,199.0184359,ISLA
Aircraft 508,3511.553593,388.2695084,381.6707434,PESH
Aircraft 509,6481.658618,188,888,SIAL
Aircraft 510,4487.672357,188,862.2024859,SUKK
Aircraft 511,5665.936937,516.825535,1412.368699,ISLA
Aircraft 512,3166.767514,350.4484157,612.923602,PESH
Aircraft 513,3347.199159,303.8550327,1116.591768,ISLA
Aircraft 514,2507.488039,335.0812763,856.5757455,ISLA
Aircraft 515,7377.628207,571.2965545,1416.968395,RAWA
Aircraft 516,2972.923416,188,888,ISLA
Aircraft 517,5944.353353,407.1422757,1423.074677,ISLA
Aircraft 518,1665.570696,188,285.3184643,LAHO
Aircraft 519,4306.010666,392.0728954,222.3176557,RAWA
Aircraft 520,5265.240893,585.3515189,1495.911434,ISLA
Aircraft 521,4481.499202,446.006182,181.1563939,SIAL
Aircraft 522,2778.212571,448.08014,646.9733687,FAIS
Aircraft 523,3434.269387,377.6037593,1449.246961,QUET
Aircraft 524,3394.162482,318.5779571,559.9712226,GUJR
Aircraft 525,1862.455581,521.4015095,1268.418641,GUJR
Aircraft 526,3253.331333,188,914.4067605,GUJR
Aircraft 527,5398.049255,541.3265102,495.7064602,RAWA
Aircraft 528,7829.621651,188,553.3467713,GWAD
Aircraft 529,7210.594924,188,942.7491161,QUET
Aircraft 530,7451.058464,188,1036.172222,ISLA
Aircraft 531,1402.681283,420.9807454,738.0256843,QUET
Aircraft 532,5661.511946,399.8149547,700.1301978,ISLA
Aircraft 533,4368.127715,188,1403.589142,KARA
Aircraft 534,4604.6844,518.4819856,670.7560367,GWAD
Aircraft 535,6695.273035,588.7062907,309.4840601,GWAD
Aircraft 536,859.6758627,462.3368813,762.8024365,QUET
Aircraft 537,1761.728776,598.7139017,568.0658978,SUKK
Aircraft 538,6365.770061,311.8674552,558.2556571,KARA
Aircraft 539,1658.311558,508.1533382,517.20497,QUET
Aircraft 540,5960.228701,498.1463719,964.173275,KARA
Aircraft 541,604.1317369,369.0502393,181.6519716,QUET
Aircraft 542,3410.101902,386.2271914,1401.043112,LAHO
Aircraft 543,7832.975364,519.1819201,916.2592087,SUKK
Aircraft 544,6724.321245,353.3480399,798.1069232,PESH
Aircraft 545,5063.9379,326.8362598,888,GUJR
Aircraft 546,2149.714296,457.9356012,1374.933063,RAWA
Aircraft 547,5238.146028,188,913.9611664,PESH
Aircraft 548,1944.824718,509.0587871,1163.752801,RAWA
Aircraft 549,1584.419975,387.1271794,447.690869,LAHO
Aircraft 550,5678.977699,430.1998498,466.0738296,LAHO
Aircraft 551,1402.461107,433.0212486,718.4126614,PESH
Aircraft 552,2259.826524,434.9595549,295.0872332,QUET
Aircraft 553,1889.17727,551.235413,888,GWAD
Aircraft 554,5002.44408,445.3009567,816.1548348,FAIS
Aircraft 555,7592.782621,511.5537337,592.5717884,QUET
Aircraft 556,2925.330334,387.8299208,310.326287,QUET
Aircraft 557,1030.455848,395.2602806,574.5084422,KARA
Aircraft 558,3747.144704,459.0589514,1295.165276,GUJR
Aircraft 559,1838.444354,188,277.4704714,FAIS
Aircraft 560,539.5668915,422.8797616,496.0597439,GUJR
Aircraft 561,1787.029705,471.560309,241.4970405,RAWA
Aircraft 562,4043.12031,496.3476591,244.0771275,FAIS
Aircraft 563,3768.680486,547.2054723,820.855633,SIAL
Aircraft 564,6469.347878,310.9564097,212.0773704,GWAD
Aircraft 565,5973.235242,510.5483556,1058.115718,ISLA
Aircraft 566,677.232361,188,662.5044866,SIAL
Aircraft 567,5004.300155,487.4536297,795.799392,FAIS
Aircraft 568,2020.655251,585.3661902,685.1736942,ISLA
Aircraft 569,7059.390744,465.7024587,1100.589682,RAWA
Aircraft 570,3095.453113,462.371218,1272.199642,SUKK
Aircraft 571,3174.781023,406.0917492,888,GUJR
Aircraft 572,1997.410325,340.6138945,1063.13947,ISLA
Aircraft 573,4908.760182,320.2773214,853.8418649,GUJR
Aircraft 574,4967.953495,374.6102922,578.9889724,MULT
Aircraft 575,5283.354506,479.2469099,309.6201581,GUJR
Aircraft 576,3809.881071,505.1353265,1074.779559,SIAL
Aircraft 577,1961.777666,497.2042655,254.5960889,SIAL
Aircraft 578,3354.867985,188,1485.760078,GUJR
Aircraft 579,6340.551479,531.9169054,850.2568582,PESH
Aircraft 580,4300.722704,522.764995,888,SUKK
Aircraft 581,2194.005869,350.3713907,629.7820581,PESH
Aircraft 582,4513.105606,585.5037636,1392.484053,RAWA
Aircraft 583,5364.954248,528.5242786,1267.008252,SIAL
Aircraft 584,3151.179959,365.3508161,556.0253207,ISLA
Aircraft 585,7854.860307,379.3080696,1362.467587,FAIS
Aircraft 586,6608.786035,405.6422639,954.2208612,GWAD
Aircraft 587,2664.226911,356.4500267,1457.310504,KARA
Aircraft 588,7114.383544,547.6464491,640.489703,SUKK
Aircraft 589,7509.481137,582.0450758,250.3867293,KARA
Aircraft 590,5765.619635,553.981943,770.2546311,PESH
Aircraft 591,1196.654029,350.4021387,814.6035799,KARA
Aircraft 592,7219.437179,360.1713071,1429.379816,RAWA
Aircraft 593,3725.988437,535.4492817,656.4793303,RAWA
Aircraft 594,1481.378971,382.2630407,571.3951809,GWAD
Aircraft 595,5510.072355,343.3459832,455.6394671,FAIS
Aircraft 596,3026.412378,501.152692,1208.629693,FAIS
Aircraft 597,4188.712182,478.2048158,425.5066537,LAHO
Aircraft 598,1845.401124,513.6840579,1171.231904,MULT
Aircraft 599,2389.768915,562.3614193,1373.80811,FAIS
Aircraft 600,5287.494829,461.1463439,1102.033155,FAIS
Aircraft 601,3528.291663,420.1654185,1135.417214,ISLA
Aircraft 602,5699.244127,305.1647049,1208.482463,SIAL
Aircraft 603,4538.870871,506.2895603,1445.939466,RAWA
Aircraft 604,7694.539014,330.6572121,306.0150878,RAWA
Aircraft 605,6401.733036,406.1135169,262.9657243,SUKK
Aircraft 606,3336.144842,532.9357315,1203.387449,ISLA
Aircraft 607,1682.499362,455.8305761,888,QUET
Aircraft 608,7090.846266,448.0217825,1405.607631,SIAL
Aircraft 609,1853.395595,188,417.4492058,RAWA
Aircraft 610,6171.816936,355.9907312,1139.921245,ISLA
Aircraft 611,4211.046914,461.4744926,1180.557322,QUET
Aircraft 612,4597.892223,313.0401059,931.5965403,LAHO
Aircraft 613,7948.836042,590.3559171,1409.028339,RAWA
Aircraft 614,2540.897366,328.2046841,608.544662,GWAD
Aircraft 615,6715.772165,482.3367417,358.3202558,GWAD
Aircraft 616,1558.071963,576.0031607,1237.471161,SUKK
Aircraft 617,6786.286395,188,792.7655435,RAWA
Aircraft 618,1422.168971,442.257113,369.4992969,ISLA
Aircraft 619,2350.652489,335.4989523,610.6433186,QUET
Aircraft 620,533.7313475,492.9449369,364.5704282,LAHO
Aircraft 621,3921.00526,553.0681393,888,LAHO
Aircraft 622,4151.530602,518.2700568,921.9713687,GWAD
Aircraft 623,5458.647993,517.260385,633.2217003,PESH
Aircraft 624,5774.242005,570.633762,888,RAWA
Aircraft 625,747.514207,434.6948083,1088.398724,MULT
Aircraft 626,1356.503814,594.5743985,379.4949732,LAHO
Aircraft 627,3932.743759,319.2300675,241.8679255,FAIS
Aircraft 628,3136.732377,188,820.3041455,GWAD
Aircraft 629,6894.579594,579.9414045,888,GUJR
Aircraft 630,3587.244489,188,593.3084451,QUET
Aircraft 631,4236.277876,380.8132399,814.3592564,LAHO
Aircraft 632,7816.379513,358.8688502,1042.904432,MULT
Aircraft 633,3715.387282,584.7480989,324.8975527,PESH
Aircraft 634,5477.829714,592.4375303,838.9608993,MULT
Aircraft 635,1988.835544,527.2474804,574.2762992,ISLA
Aircraft 636,2274.135198,472.3296652,751.7258247,PESH
Aircraft 637,2163.753828,553.5272457,587.6845251,SIAL
Aircraft 638,4849.841421,469.2394934,101.1049752,FAIS
Aircraft 639,1326.607094,372.4121376,1168.561538,GUJR
Aircraft 640,4149.773936,455.1468809,539.9339532,ISLA
Aircraft 641,7734.699634,522.6123573,1203.754214,LAHO
Aircraft 642,4870.800971,411.1873199,1210.023036,RAWA
Aircraft 643,1138.600578,483.4135092,1322.956491,QUET
Aircraft 644,7385.802576,429.3572618,837.4967348,MULT
Aircraft 645,7334.911926,476.4337079,291.6443044,GWAD
Aircraft 646,6382.594789,468.3324269,386.1159839,GUJR
Aircraft 647,7479.18409,420.4621304,729.2450724,RAWA
Aircraft 648,6884.002486,591.6280917,1416.287849,KARA
Aircraft 649,5419.839136,535.0909081,530.8877631,SUKK
Aircraft 650,7629.131964,188,741.2980143,GWAD
Aircraft 651,6661.208129,188,1013.843136,QUET
Aircraft 652,7039.485782,328.9595585,136.9696173,FAIS
Aircraft 653,910.1897037,423.2408755,198.3134739,GUJR
Aircraft 654,5222.4589,565.3470265,728.7345061,ISLA
Aircraft 655,3283.363914,450.8558464,877.5073027,GUJR
Aircraft 656,5828.509579,188,720.5276495,MULT
Aircraft 657,7798.477927,369.8092455,448.8604804,PESH
Aircraft 658,1843.554017,430.2743173,1072.193464,ISLA
Aircraft 659,2819.144626,489.4369152,824.8620888,FAIS
Aircraft 660,1214.989947,188,724.4889014,GUJR
Aircraft 661,849.8870611,188,1291.280558,GUJR
Aircraft 662,3529.229533,599.9064367,888,SIAL
Aircraft 663,6111.60299,337.3765839,1169.289112,QUET
Aircraft 664,7093.641517,441.6218713,781.2829544,GWAD
Aircraft 665,3373.090146,384.3213093,1133.148428,SIAL
Aircraft 666,3181.252821,188,752.2515153,GUJR
Aircraft 667,3952.879626,556.6906482,1180.951233,ISLA
Aircraft 668,2817.21872,404.8791601,888,GWAD
Aircraft 669,4837.833072,589.5747148,1494.738271,LAHO
Aircraft 670,744.7916583,349.4494163,888,GWAD
Aircraft 671,5180.487667,363.2159932,842.6909523,SIAL
Aircraft 672,4010.399116,188,1059.242237,LAHO
Aircraft 673,1822.287051,425.8555295,1124.918193,RAWA
Aircraft 674,7801.245256,424.7309649,798.4583918,GWAD
Aircraft 675,705.6283012,555.5616623,1128.890541,GWAD
Aircraft 676,7029.735094,341.1133635,888,FAIS
Aircraft 677,687.8609915,413.6081454,1153.24513,LAHO
Aircraft 678,5730.536718,389.357636,594.0781793,MULT
Aircraft 679,975.6262719,523.0030499,326.3448409,SIAL
Aircraft 680,6967.804011,424.8178729,541.7668851,GWAD
Aircraft 681,3591.635136,188,721.2344207,GUJR
Aircraft 682,6694.181804,330.6457244,489.0240293,RAWA
Aircraft 683,7286.717197,475.2639359,1435.651885,LAHO
Aircraft 684,3619.684618,487.6767864,1091.073865,SIAL
Aircraft 685,5053.854703,570.4441851,1256.507198,MULT
Aircraft 686,1975.455841,188,450.9320681,ISLA
Aircraft 687,3104.891503,392.5679893,1037.543404,GWAD
Aircraft 688,1860.383335,429.7225382,728.6496166,QUET
Aircraft 689,1748.524294,361.8295495,291.2026173,QUET
Aircraft 690,5297.794244,460.2559725,1221.116126,LAHO
Aircraft 691,4038.599389,188,639.1212261,QUET
Aircraft 692,7544.714748,581.1375434,871.1372875,SIAL
Aircraft 693,3924.223783,188,338.3599051,SIAL
Aircraft 694,3436.008192,359.4185291,481.9895205,PESH
Aircraft 695,665.8987176,347.1848755,252.8519637,QUET
Aircraft 696,6515.321849,346.6390712,889.2323731,RAWA
Aircraft 697,2262.74586,454.767249,990.2406746,SIAL
Aircraft 698,3284.100731,188,1306.376364,RAWA
Aircraft 699,6363.4005,379.697005,498.6707966,GWAD
Aircraft 700,5966.729785,338.0609162,888,KARA
